row_id,ts,site,region,x1,x2,x3,y,pred,lo,hi,y_proxy
1,2024-01-01,S1,A,-0.452972,1.316671,1.174246,-3.044640,-3.839516,-4.039516,-3.639516,-2.987807
2,2024-01-02,S2,B,-0.731006,-0.074692,-0.439076,-5.095077,-5.398718,-5.598718,-5.198718,-5.000114
3,2024-01-03,S3,C,1.380938,0.888486,-0.766066,2.608434,2.344898,2.144898,2.544898,2.557370
4,2024-01-04,S4,A,-0.816774,-0.983411,-0.904729,-4.507108,-4.570328,-4.770328,-4.370328,-4.416076
5,2024-01-05,S5,B,-0.631758,-0.358529,-0.141575,-1.999369,-3.897903,-4.097903,-3.697903,-1.955523
6,2024-01-06,S6,C,1.166827,-0.056963,0.496865,2.952636,2.309122,2.109122,2.509122,2.895737
7,2024-01-07,S7,A,-0.624125,-1.673025,-1.194987,-1.768250,-1.129832,-1.329832,-0.929832,-1.730515
8,2024-01-08,S8,B,-1.292507,-0.123620,-0.760476,-0.938053,-1.718357,-1.918357,-1.518357,-0.914602
9,2024-01-09,S9,C,0.513015,0.140344,-0.927275,4.543645,4.047985,3.847985,4.247985,4.450276
10,2024-01-10,S10,A,-0.015765,-1.047920,0.683328,1.369088,2.085120,1.885120,2.285120,1.353349
11,2024-01-11,S1,B,-0.041996,0.056921,0.618599,15.644312,15.043309,14.843309,15.243309,15.326493
12,2024-01-12,S2,C,-0.390415,-1.035270,0.863990,-5.370513,-6.636116,-6.836116,-6.436116,-5.258718
13,2024-01-13,S3,A,-0.982153,0.444962,-2.054457,-2.507922,-3.174888,-3.374888,-2.974888,-2.457482
14,2024-01-14,S4,B,-1.933645,-0.006489,0.831454,-25.930616,-27.870288,-28.070288,-27.670288,-25.413226
15,2024-01-15,S5,C,1.133278,0.642806,0.226409,3.890956,3.597200,3.397200,3.797200,3.812617
16,2024-01-16,S6,A,-0.557517,-1.067220,,-3.088621,-2.868459,-3.068459,-2.668459,-3.023974
17,2024-01-17,S7,B,0.104035,-0.125880,0.864344,1.853321,1.118091,0.918091,1.318091,1.822491
18,2024-01-18,S8,C,0.411999,1.173684,-0.245789,4.811599,4.326289,4.126289,4.526289,4.714850
19,2024-01-19,S9,A,-0.503455,1.169915,-1.751030,3.375875,4.237653,4.037653,4.437653,3.309311
20,2024-01-20,S10,B,-1.600036,0.239330,-2.248892,0.349402,-0.896668,-1.096668,-0.696668,0.338840
21,2024-01-21,S1,C,-2.201795,-0.958941,-0.919082,-8.701085,-8.312353,-8.512353,-8.112353,-8.533498
22,2024-01-22,S2,A,1.673724,0.127367,0.925972,0.876590,1.037678,0.837678,1.237678,0.853186
23,2024-01-23,S3,B,-0.272956,0.903403,0.274846,-0.858160,-4.807591,-5.007591,-4.607591,-0.846889
24,2024-01-24,S4,C,-1.205094,0.754968,0.258601,-2.581094,-3.244493,-3.444493,-3.044493,-2.530129
25,2024-01-25,S5,A,0.077375,0.204584,-1.249467,0.214543,-0.235035,-0.435035,-0.035035,0.217045
26,2024-01-26,S6,B,-0.957251,-0.402384,-0.998670,-2.459266,-1.139199,-1.339199,-0.939199,-2.405071
27,2024-01-27,S7,C,-0.397754,-0.422848,-0.787639,-0.893185,-0.315962,-0.515962,-0.115962,-0.864594
28,2024-01-28,S8,A,-0.175228,1.671911,2.222479,26.792402,27.308068,27.108068,27.508068,26.258095
29,2024-01-29,S9,B,-0.371512,0.775337,-0.160762,3.020752,4.472160,4.272160,4.672160,2.965062
30,2024-01-30,S10,C,-0.352151,0.194552,0.505505,25.034580,25.278254,25.078254,25.478254,24.536473
31,2024-01-31,S1,A,0.519276,0.079976,-1.283653,-1.786683,-1.863004,-2.063004,-1.663004,-1.752083
32,2024-02-01,S2,B,0.562807,-1.407030,-0.063475,-4.324683,-2.228278,-2.428278,-2.028278,-4.238150
33,2024-02-02,S3,C,0.990795,-0.542791,-0.809296,-0.849116,-2.036687,-2.236687,-1.836687,-0.834221
34,2024-02-03,S4,A,-1.199774,0.183586,-0.213258,-3.368084,-2.718736,-2.918736,-2.518736,-3.294877
35,2024-02-04,S5,B,-1.088140,0.169459,1.072067,-2.013261,-5.103531,-5.303531,-4.903531,-1.970034
36,2024-02-05,S6,C,-0.052253,-1.430682,0.606003,-1.946511,-2.669741,-2.869741,-2.469741,-1.915127
37,2024-02-06,S7,A,0.255674,-1.445078,0.167917,0.068657,-0.857999,-1.057999,-0.657999,0.060086
38,2024-02-07,S8,B,0.508148,-0.999205,-0.100448,1.645346,5.395250,5.195250,5.595250,1.619736
39,2024-02-08,S9,C,-0.205882,0.384395,1.298445,3.223642,3.757610,3.557610,3.957610,3.159369
40,2024-02-09,S10,A,0.331285,0.090528,1.292623,3.688576,3.590764,3.390764,3.790764,3.622379
41,2024-02-10,S1,B,-0.893376,-0.252654,-1.209312,-5.038883,-3.968211,-4.168211,-3.768211,-4.946354
42,2024-02-11,S2,C,-1.283478,0.925956,-0.185335,-4.071271,-4.633362,-4.833362,-4.433362,-3.981773
43,2024-02-12,S3,A,-1.238447,-0.115794,0.143391,-4.676694,-4.701251,-4.901251,-4.501251,-4.585863
44,2024-02-13,S4,B,-0.852041,0.352235,1.516909,-3.033378,-4.347465,-4.547465,-4.147465,-2.973284
45,2024-02-14,S5,C,-1.074513,0.951052,1.041773,-0.465825,-1.494594,-1.694594,-1.294594,-0.461267
46,2024-02-15,S6,A,-0.465641,-2.317650,,-4.380024,-3.575696,-3.775696,-3.375696,-4.288422
47,2024-02-16,S7,B,-0.233398,0.216196,0.638869,0.297155,-1.521222,-1.721222,-1.321222,0.288012
48,2024-02-17,S8,C,0.351012,0.131752,-0.245978,2.426015,2.861937,2.661937,3.061937,2.377368
49,2024-02-18,S9,A,0.795615,-0.822971,0.722109,3.448263,3.044443,2.844443,3.244443,3.393277
50,2024-02-19,S10,B,-0.396503,0.775855,-1.750067,4.157122,4.272020,4.072020,4.472020,4.075865
51,2024-02-20,S1,C,1.225502,1.287759,-0.545761,0.889230,1.720064,1.520064,1.920064,0.878300
52,2024-02-21,S2,A,-1.287659,-0.337442,0.171652,-6.188517,-6.322660,-6.522660,-6.122660,-6.069461
53,2024-02-22,S3,B,-0.112113,2.125796,1.505963,0.116763,2.802143,2.602143,3.002143,0.112449
54,2024-02-23,S4,C,0.451185,-0.168871,-0.373630,-0.366900,0.173180,-0.026820,0.373180,-0.363370
55,2024-02-24,S5,A,-1.349479,-0.346431,-0.941099,-3.523392,-1.574131,-1.774131,-1.374131,-3.453642
56,2024-02-25,S6,B,0.402260,0.886381,-0.341513,3.017032,1.375746,1.175746,1.575746,2.955747
57,2024-02-26,S7,C,1.099235,-0.566130,-0.048982,2.411747,2.799356,2.599356,2.999356,2.361522
58,2024-02-27,S8,A,1.531904,0.863553,1.575984,6.169980,6.070310,5.870310,6.270310,6.044992
59,2024-02-28,S9,B,-0.675581,-1.253528,-0.760041,-0.158278,-0.693321,-0.893321,-0.493321,-0.151642
60,2024-02-29,S10,C,0.155308,1.840372,-1.102952,6.376248,6.193033,5.993033,6.393033,6.245520
61,2024-03-01,S1,A,0.646431,-0.093079,0.609942,-1.645897,-2.229038,-2.429038,-2.029038,-1.624406
62,2024-03-02,S2,B,1.728186,0.105827,2.515919,-0.241446,2.222019,2.022019,2.422019,-0.239364
63,2024-03-03,S3,C,-1.560890,0.041199,-0.663885,-5.479583,-3.832542,-4.032542,-3.632542,-5.373128
64,2024-03-04,S4,A,0.349184,0.485883,0.768821,1.142187,1.697771,1.497771,1.897771,1.120915
65,2024-03-05,S5,B,-1.101080,-1.422546,0.573178,-3.382916,-7.445771,-7.645771,-7.245771,-3.314015
66,2024-03-06,S6,C,-0.691967,-1.640143,0.925990,-3.490751,-4.382410,-4.582410,-4.182410,-3.412607
67,2024-03-07,S7,A,-0.066882,-0.690958,-0.478496,-0.261354,-0.630186,-0.830186,-0.430186,-0.260523
68,2024-03-08,S8,B,0.383520,-0.767169,0.602066,1.205729,1.933885,1.733885,2.133885,1.185672
69,2024-03-09,S9,C,2.817926,-1.076599,-1.732721,6.897120,6.807798,6.607798,7.007798,6.761871
70,2024-03-10,S10,A,-0.152612,-0.057642,1.867937,3.383574,3.146114,2.946114,3.346114,3.313314
71,2024-03-11,S1,B,1.269312,-2.018187,-0.270735,-4.067676,-2.360410,-2.560410,-2.160410,-3.989480
72,2024-03-12,S2,C,-0.722721,1.345539,-1.142865,-2.367733,-1.571048,-1.771048,-1.371048,-2.316230
73,2024-03-13,S3,A,-0.398416,-0.286220,-0.970480,-3.204691,-2.160147,-2.360147,-1.960147,-3.150155
74,2024-03-14,S4,B,0.733008,0.370999,0.515099,1.007896,-0.255431,-0.455431,-0.055431,0.985028
75,2024-03-15,S5,C,-0.550942,-0.087831,1.928498,-2.262230,-2.638741,-2.838741,-2.438741,-2.210560
76,2024-03-16,S6,A,1.039949,0.928815,,4.349296,4.295165,4.095165,4.495165,4.262520
77,2024-03-17,S7,B,-0.577042,1.476352,-0.078862,1.868424,-0.453015,-0.653015,-0.253015,1.837283
78,2024-03-18,S8,C,1.000363,0.183805,0.761056,3.411326,3.353747,3.153747,3.553747,3.353003
79,2024-03-19,S9,A,0.128763,-0.969597,0.548534,1.684818,0.826459,0.626459,1.026459,1.653917
80,2024-03-20,S10,B,0.860765,0.367352,-1.034925,5.174996,4.088047,3.888047,4.288047,5.063690
81,2024-03-21,S1,C,1.835416,0.455409,1.180405,1.339942,1.944698,1.744698,2.144698,1.311608
82,2024-03-22,S2,A,-1.433906,-1.646464,-0.436888,-7.727528,-6.966575,-7.166575,-6.766575,-7.565813
83,2024-03-23,S3,B,1.041805,1.327429,0.029163,1.862063,2.516115,2.316115,2.716115,1.826443
84,2024-03-24,S4,C,0.210175,-1.701928,-0.489531,-2.924606,-3.686977,-3.886977,-3.486977,-2.868309
85,2024-03-25,S5,A,0.631086,-0.257879,1.268208,0.194856,0.552079,0.352079,0.752079,0.180776
86,2024-03-26,S6,B,-0.309437,0.172009,-0.027576,-0.704714,-1.924218,-2.124218,-1.724218,-0.693649
87,2024-03-27,S7,C,0.938671,-0.029570,1.008267,2.876572,3.234142,3.034142,3.434142,2.811217
88,2024-03-28,S8,A,-0.348280,-0.748381,0.649673,0.714513,0.884397,0.684397,1.084397,0.709490
89,2024-03-29,S9,B,1.221271,0.828903,0.830459,6.604231,5.256818,5.056818,5.456818,6.474733
90,2024-03-30,S10,C,1.091589,0.343189,1.000835,5.809487,5.262457,5.062457,5.462457,5.694980
91,2024-03-31,S1,A,-0.296965,0.754021,-0.348012,-2.671722,-3.782891,-3.982891,-3.582891,-2.612750
92,2024-04-01,S2,B,0.540118,0.699572,-1.557738,0.469785,-0.546747,-0.746747,-0.346747,0.461764
93,2024-04-02,S3,C,1.408284,0.521068,-1.786826,1.141892,1.634286,1.434286,1.834286,1.117311
94,2024-04-03,S4,A,-0.048897,0.732698,-1.825773,-0.075344,-0.398461,-0.598461,-0.198461,-0.068593
95,2024-04-04,S5,B,-0.139593,-0.388859,1.025253,-2.461246,-0.556616,-0.756616,-0.356616,-2.408794
96,2024-04-05,S6,C,0.585282,-1.672733,-1.397912,-1.407801,-1.693629,-1.893629,-1.493629,-1.383606
97,2024-04-06,S7,A,1.822763,0.097776,-0.233488,4.511294,4.768064,4.568064,4.968064,4.422341
98,2024-04-07,S8,B,2.337047,-0.391551,-1.532662,6.145842,4.237503,4.037503,4.437503,6.020743
99,2024-04-08,S9,C,-2.424184,1.433622,-0.813951,-0.436643,-1.073314,-1.273314,-0.873314,-0.429130
100,2024-04-09,S10,A,0.609828,-0.146520,-1.501563,4.905362,4.647928,4.447928,4.847928,4.816374
101,2024-04-10,S1,B,-1.017827,-0.656199,-0.872883,-7.107370,-6.142782,-6.342782,-5.942782,-6.967208
102,2024-04-11,S2,C,-2.637895,1.768394,-1.075993,-6.125419,-6.495827,-6.695827,-6.295827,-6.002481
103,2024-04-12,S3,A,-0.146018,-0.487601,-0.356076,-2.465653,-2.698972,-2.898972,-2.498972,-2.416355
104,2024-04-13,S4,B,-0.094048,0.961180,0.400618,-0.050873,-0.319839,-0.519839,-0.119839,-0.055968
105,2024-04-14,S5,C,-0.243842,0.712521,0.720932,0.393196,1.197389,0.997389,1.397389,0.384391
106,2024-04-15,S6,A,-0.176239,0.131799,,0.384258,0.777024,0.577024,0.977024,0.379258
107,2024-04-16,S7,B,-0.317290,0.861337,-0.748803,2.392354,2.843605,2.643605,3.043605,2.343463
108,2024-04-17,S8,C,-0.324322,-0.240820,0.711285,0.913146,0.602817,0.402817,0.802817,0.886663
109,2024-04-18,S9,A,0.769606,0.037407,-0.326063,3.421007,4.223479,4.023479,4.423479,3.344023
110,2024-04-19,S10,B,0.564334,0.565277,0.569008,5.288304,4.238824,4.038824,4.438824,5.191244
111,2024-04-20,S1,C,0.173275,-0.788145,1.958801,-4.088711,-5.534675,-5.734675,-5.334675,-4.008108
112,2024-04-21,S2,A,-0.801061,-1.219893,0.621111,-6.103242,-6.315180,-6.515180,-6.115180,-5.981450
113,2024-04-22,S3,B,-0.158773,0.332367,-0.035400,-2.085269,-2.293577,-2.493577,-2.093577,-2.060255
114,2024-04-23,S4,C,-0.145897,-1.281375,-0.202739,-3.088545,-2.641113,-2.841113,-2.441113,-3.023846
115,2024-04-24,S5,A,-0.064765,0.760303,-0.911070,0.689104,1.489231,1.289231,1.689231,0.669000
116,2024-04-25,S6,B,-0.460155,0.866103,-1.826461,0.999976,3.254359,3.054359,3.454359,0.977308
117,2024-04-26,S7,C,0.277110,-0.092549,-1.834495,1.385638,1.245880,1.045880,1.445880,1.355047
118,2024-04-27,S8,A,-1.784770,0.922773,0.403573,-0.584362,-1.202041,-1.402041,-1.002041,-0.574211
119,2024-04-28,S9,B,-1.643046,-0.204970,-0.074207,-0.974692,-2.052009,-2.252009,-1.852009,-0.946022
120,2024-04-29,S10,C,1.622862,-0.630455,0.413337,5.209900,4.535006,4.335006,4.735006,5.106088
121,2024-04-30,S1,A,-1.123806,-2.720729,0.672973,-9.511094,-8.942962,-9.142962,-8.742962,-9.317320
122,2024-05-01,S2,B,-1.963116,-0.850025,-0.511960,-8.141561,-5.265454,-5.465454,-5.065454,-7.976057
123,2024-05-02,S3,C,0.925801,-2.287397,-1.028290,-4.207580,-4.106153,-4.306153,-3.906153,-4.120461
124,2024-05-03,S4,A,-1.465559,-0.225292,-0.347498,-3.990484,-3.967508,-4.167508,-3.767508,-3.906878
125,2024-05-04,S5,B,-0.995342,1.201553,0.062015,-0.476880,0.324140,0.124140,0.524140,-0.467194
126,2024-05-05,S6,C,-0.093999,-0.183322,0.617812,-0.685924,-0.353039,-0.553039,-0.153039,-0.665657
127,2024-05-06,S7,A,1.782967,-0.154798,-0.333014,3.214400,3.130676,2.930676,3.330676,3.143852
128,2024-05-07,S8,B,0.857028,0.243137,1.307197,4.326675,2.150671,1.950671,2.350671,4.230637
129,2024-05-08,S9,C,-1.576072,0.134421,0.717334,0.080122,0.781575,0.581575,0.981575,0.079255
130,2024-05-09,S10,A,-2.724502,-0.517611,0.121914,-2.746940,-2.308501,-2.508501,-2.108501,-2.704314
131,2024-05-10,S1,B,0.490137,-0.423538,0.319044,-3.412136,-2.653769,-2.853769,-2.453769,-3.351767
132,2024-05-11,S2,C,1.561130,-1.190139,1.174191,-1.000487,-2.261655,-2.461655,-2.061655,-0.994241
133,2024-05-12,S3,A,-0.225648,2.551027,0.715228,-18.222247,-18.350618,-18.550618,-18.150618,-17.858828
134,2024-05-13,S4,B,-1.250993,-0.532363,-0.384973,-4.709221,-5.236473,-5.436473,-5.036473,-4.617704
135,2024-05-14,S5,C,-0.687148,-1.268934,-0.400250,-2.816227,-2.958250,-3.158250,-2.758250,-2.756766
136,2024-05-15,S6,A,1.628504,0.132121,,4.038326,3.640762,3.440762,3.840762,3.957534
137,2024-05-16,S7,B,-1.355678,-0.139121,0.668026,-2.685783,-3.897329,-4.097329,-3.697329,-2.628219
138,2024-05-17,S8,C,-2.046368,0.625757,-1.576940,-1.214897,-1.236657,-1.436657,-1.036657,-1.185916
139,2024-05-18,S9,A,-0.355942,-0.539322,-0.579694,1.697756,2.157988,1.957988,2.357988,1.670585
140,2024-05-19,S10,B,-0.484003,1.022384,-0.791731,3.815948,2.991248,2.791248,3.191248,3.735102
141,2024-05-20,S1,C,-0.427827,-0.581568,-0.005817,-5.823493,-5.007987,-5.207987,-4.807987,-5.702953
142,2024-05-21,S2,A,-0.031438,1.063701,-0.715802,-0.694464,-0.946284,-1.146284,-0.746284,-0.676941
143,2024-05-22,S3,B,1.764938,-1.894466,-0.610561,-1.871810,-1.073974,-1.273974,-0.873974,-1.830573
144,2024-05-23,S4,C,-0.248969,-1.230208,-1.449937,-3.297463,-4.565809,-4.765809,-4.365809,-3.228552
145,2024-05-24,S5,A,1.492947,-0.493546,1.733697,2.182667,2.100954,1.900954,2.300954,2.143145
146,2024-05-25,S6,B,0.664528,0.111380,-0.530239,2.005315,2.180680,1.980680,2.380680,1.961930
147,2024-05-26,S7,C,-0.336488,0.077620,0.511238,0.727016,-0.554929,-0.754929,-0.354929,0.715184
148,2024-05-27,S8,A,-0.995507,-0.616616,0.446956,-0.800082,-0.750593,-0.950593,-0.550593,-0.780568
149,2024-05-28,S9,B,-1.313541,-0.676053,1.171637,-1.391958,-2.128477,-2.328477,-1.928477,-1.374799
150,2024-05-29,S10,C,0.611207,-1.886976,0.675284,1.399686,1.597773,1.397773,1.797773,1.369492
151,2024-05-30,S1,A,0.330527,1.042005,-0.149392,-1.002054,-0.328101,-0.528101,-0.128101,-0.982423
152,2024-05-31,S2,B,2.230818,0.649266,1.181019,2.742020,2.278866,2.078866,2.478866,2.689779
153,2024-06-01,S3,C,0.134945,-0.409449,0.794923,-3.053013,-4.099383,-4.299383,-3.899383,-2.990802
154,2024-06-02,S4,A,-1.317760,1.123728,1.454835,-2.145470,-2.594253,-2.794253,-2.394253,-2.101469
155,2024-06-03,S5,B,-0.592050,1.121489,-0.868298,0.505823,-0.786617,-0.986617,-0.586617,0.507792
156,2024-06-04,S6,C,-1.484697,0.308653,-1.699418,-2.596554,-1.619492,-1.819492,-1.419492,-2.547496
157,2024-06-05,S7,A,0.269299,1.212118,-1.101259,3.915132,4.028717,3.828717,4.228717,3.835782
158,2024-06-06,S8,B,0.083442,0.481716,-1.032908,4.155584,4.325530,4.125530,4.525530,4.075588
159,2024-06-07,S9,C,0.657967,-0.605202,-0.752977,2.473252,2.741064,2.541064,2.941064,2.421986
160,2024-06-08,S10,A,0.524449,-0.763885,-1.383781,3.322211,3.264601,3.064601,3.464601,3.254592
161,2024-06-09,S1,B,2.008887,0.354152,1.241068,0.913307,3.169545,2.969545,3.369545,0.891231
162,2024-06-10,S2,C,0.048288,-0.264165,0.686843,-2.327937,-2.568464,-2.768464,-2.368464,-2.281939
163,2024-06-11,S3,A,1.762627,-0.115492,0.239426,1.529171,0.172013,-0.027987,0.372013,1.490713
164,2024-06-12,S4,B,0.148445,0.578018,0.890868,0.494302,-0.760940,-0.960940,-0.560940,0.486191
165,2024-06-13,S5,C,0.394184,0.360316,1.110167,-0.168055,0.505541,0.305541,0.705541,-0.169343
166,2024-06-14,S6,A,0.350611,-0.837105,,-0.491226,-0.360277,-0.560277,-0.160277,-0.477575
167,2024-06-15,S7,B,0.893979,1.166722,-0.224417,4.865042,7.469930,7.269930,7.669930,4.752146
168,2024-06-16,S8,C,0.384789,0.195708,-0.685099,2.549614,2.192167,1.992167,2.392167,2.500331
169,2024-06-17,S9,A,-0.261420,0.445328,0.339531,2.597511,2.724916,2.524916,2.924916,2.549540
170,2024-06-18,S10,B,-0.992626,0.371562,-1.080481,2.209857,-0.475226,-0.675226,-0.275226,2.166384
171,2024-06-19,S1,C,0.287528,-0.792680,-0.379059,-3.495658,-3.090303,-3.290303,-2.890303,-3.427174
172,2024-06-20,S2,A,1.034902,0.123239,-0.185305,0.290433,-0.968822,-1.168822,-0.768822,0.279536
173,2024-06-21,S3,B,0.936428,-0.682638,0.248954,-0.785884,-0.963242,-1.163242,-0.763242,-0.766941
174,2024-06-22,S4,C,0.294168,0.520222,0.890002,0.699427,0.914492,0.714492,1.114492,0.684760
175,2024-06-23,S5,A,1.187176,0.824944,-0.615763,3.339800,2.983741,2.783741,3.183741,3.268411
176,2024-06-24,S6,B,0.046905,-0.893833,0.606658,-0.969879,1.084951,0.884951,1.284951,-0.951756
177,2024-06-25,S7,C,0.497383,-0.667359,-0.906276,1.603819,1.435152,1.235152,1.635152,1.571435
178,2024-06-26,S8,A,0.600718,-0.045464,0.482702,3.022596,3.416866,3.216866,3.616866,2.964930
179,2024-06-27,S9,B,-1.316365,-1.079473,1.074914,-2.045007,-1.106666,-1.306666,-0.906666,-1.998298
180,2024-06-28,S10,C,0.424925,0.207118,0.215887,5.223276,5.583559,5.383559,5.783559,5.121436
181,2024-06-29,S1,A,-0.413237,-0.069143,-0.372550,-4.801101,-5.856856,-6.056856,-5.656856,-4.699395
182,2024-06-30,S2,B,-0.815224,-0.828576,0.290001,-4.882735,-6.315078,-6.515078,-6.115078,-4.783267
183,2024-07-01,S3,C,0.242878,1.878691,0.167552,1.437698,0.968353,0.768353,1.168353,1.408936
184,2024-07-02,S4,A,-0.724649,1.289172,-0.153716,0.085117,-0.637590,-0.837590,-0.437590,0.086517
185,2024-07-03,S5,B,-0.502924,0.317536,-0.656640,-0.549277,0.704502,0.504502,0.904502,-0.536309
186,2024-07-04,S6,C,-0.494216,-0.959119,0.197933,-2.456428,-2.812599,-3.012599,-2.612599,-2.406794
187,2024-07-05,S7,A,0.586313,-1.442939,-2.472267,0.892346,1.445355,1.245355,1.645355,0.879820
188,2024-07-06,S8,B,0.660556,0.024817,-0.831289,3.824137,3.510864,3.310864,3.710864,3.752779
189,2024-07-07,S9,C,-0.035126,-0.484577,0.604418,2.098764,2.608576,2.408576,2.808576,2.057628
190,2024-07-08,S10,A,1.627918,-1.039740,-0.639931,4.821399,4.502446,4.302446,4.702446,4.735581
191,2024-07-09,S1,B,0.140518,1.546987,-0.212946,-1.312759,-1.949180,-2.149180,-1.749180,-1.287263
192,2024-07-10,S2,C,0.237765,-0.904580,0.000114,-3.715153,-3.181738,-3.381738,-2.981738,-3.637846
193,2024-07-11,S3,A,-0.943863,1.150261,-0.057001,-1.986178,-2.587681,-2.787681,-2.387681,-1.943540
194,2024-07-12,S4,B,-1.497020,-1.767870,-1.926543,-6.225546,-5.295538,-5.495538,-5.095538,-6.107736
195,2024-07-13,S5,C,0.503271,0.057057,0.917688,0.365492,-0.219645,-0.419645,-0.019645,0.359008
196,2024-07-14,S6,A,0.054366,1.826666,,4.008672,4.475905,4.275905,4.675905,3.926361
197,2024-07-15,S7,B,-0.651950,-1.865796,-0.220994,-2.500109,-2.356260,-2.556260,-2.156260,-2.450884
198,2024-07-16,S8,C,-0.161043,0.231668,-0.015923,3.135280,2.781625,2.581625,2.981625,3.063669
199,2024-07-17,S9,A,0.114547,0.858583,-0.558545,4.622279,4.743670,4.543670,4.943670,4.526114
200,2024-07-18,S10,B,-0.050444,0.929436,-0.759881,4.558406,5.259922,5.059922,5.459922,4.470632
201,2024-07-19,S1,C,0.712379,1.378335,0.566767,-0.586229,-0.193501,-0.393501,0.006499,-0.572341
202,2024-07-20,S2,A,-0.679827,0.671099,-0.024824,13.549664,13.094458,12.894458,13.294458,13.268509
203,2024-07-21,S3,B,0.238839,-1.870527,-2.434020,-4.071260,-1.614918,-1.814918,-1.414918,-3.981842
204,2024-07-22,S4,C,0.515127,-0.246413,-0.020479,-0.068752,0.622366,0.422366,0.822366,-0.064903
205,2024-07-23,S5,A,0.139967,1.829572,0.760079,2.506566,1.396304,1.196304,1.596304,2.454525
206,2024-07-24,S6,B,-1.038014,0.250757,0.914843,-0.276338,2.183778,1.983778,2.383778,-0.274955
207,2024-07-25,S7,C,0.232215,-0.001286,-0.439299,2.389604,2.760249,2.560249,2.960249,2.339287
208,2024-07-26,S8,A,1.704671,1.701455,-0.699314,7.680807,6.726307,6.526307,6.926307,7.521217
209,2024-07-27,S9,B,0.481358,1.338815,1.504757,4.567661,3.530855,3.330855,3.730855,4.479934
210,2024-07-28,S10,C,0.158979,-0.914639,-1.221014,2.628345,2.868705,2.668705,3.068705,2.581562
211,2024-07-29,S1,A,1.741091,-1.537294,0.296355,-2.443219,-2.285807,-2.485807,-2.085807,-2.395053
212,2024-07-30,S2,B,-0.319348,0.323584,0.709918,-3.175937,-0.030255,-0.230255,0.169745,-3.116812
213,2024-07-31,S3,C,-1.439231,-1.547483,0.166188,-6.883558,-6.133335,-6.333335,-5.933335,-6.743669
214,2024-08-01,S4,A,-0.041384,-0.567571,1.208038,-1.995877,-2.240636,-2.440636,-2.040636,-1.953108
215,2024-08-02,S5,B,-0.857696,-1.364383,0.568352,-4.269165,-5.650378,-5.850378,-5.450378,-4.188019
216,2024-08-03,S6,C,0.225295,1.531137,-0.213400,3.531845,2.628552,2.428552,2.828552,3.456495
217,2024-08-04,S7,A,-0.596361,1.002342,-0.420088,1.661244,1.406063,1.206063,1.606063,1.631747
218,2024-08-05,S8,B,-0.744540,0.801748,-1.048312,-14.425696,-15.638699,-15.838699,-15.438699,-14.137112
219,2024-08-06,S9,C,1.554330,-1.122400,0.929091,3.928545,4.858461,4.658461,5.058461,3.845276
220,2024-08-07,S10,A,1.087641,-0.862044,-0.972127,4.417927,4.648058,4.448058,4.848058,4.322256
221,2024-08-08,S1,B,0.841416,0.892532,0.281548,19.343366,19.781471,19.581471,19.981471,18.943094
222,2024-08-09,S2,C,0.241586,0.629800,-0.533704,-2.340402,-2.592897,-2.792897,-2.392897,-2.288073
223,2024-08-10,S3,A,-0.140763,0.719818,0.720851,-1.523274,-2.195502,-2.395502,-1.995502,-1.499563
224,2024-08-11,S4,B,0.711873,-1.387325,1.265780,-2.470096,-0.422593,-0.622593,-0.222593,-2.413029
225,2024-08-12,S5,C,-0.422033,-0.006059,-0.207188,-1.268201,-2.390297,-2.590297,-2.190297,-1.239108
226,2024-08-13,S6,A,0.232883,-1.265711,,-0.043978,0.833822,0.633822,1.033822,-0.040432
227,2024-08-14,S7,B,1.354693,-1.316731,-0.307809,1.668605,2.074821,1.874821,2.274821,1.633237
228,2024-08-15,S8,C,-0.136041,-0.992894,-0.824496,1.018505,2.026891,1.826891,2.226891,0.999800
229,2024-08-16,S9,A,0.279435,1.208538,-0.796788,4.747916,5.350438,5.150438,5.550438,4.651073
230,2024-08-17,S10,B,0.288209,-0.930319,0.914278,2.773611,-0.274019,-0.474019,-0.074019,2.723721
231,2024-08-18,S1,C,-1.145392,0.284637,-0.273109,-22.031276,-21.632665,-21.832665,-21.432665,-21.593630
232,2024-08-19,S2,A,1.257655,0.855111,-0.827499,1.058499,1.692053,1.492053,1.892053,1.041251
233,2024-08-20,S3,B,0.459682,-0.225472,0.725046,-2.199835,-0.470451,-0.670451,-0.270451,-2.152048
234,2024-08-21,S4,C,0.014317,-0.269863,-0.202351,-0.653213,-0.557589,-0.757589,-0.357589,-0.640836
235,2024-08-22,S5,A,2.361729,-1.634156,-0.434109,2.326262,1.891014,1.691014,2.091014,2.276453
236,2024-08-23,S6,B,1.336490,0.362924,-0.107832,2.876228,0.771461,0.571461,0.971461,2.811927
237,2024-08-24,S7,C,0.606484,0.827974,-0.160473,4.479370,4.779227,4.579227,4.979227,4.388890
238,2024-08-25,S8,A,-0.757839,-0.234116,0.207631,-0.223276,-0.730580,-0.930580,-0.530580,-0.216285
239,2024-08-26,S9,B,0.548280,-0.038683,-0.144988,3.957788,3.447622,3.247622,3.647622,3.882130
240,2024-08-27,S10,C,-1.264091,0.130753,0.764897,1.406622,1.642708,1.442708,1.842708,1.371973
241,2024-08-28,S1,A,1.515761,1.572489,1.415583,1.917500,2.182407,1.982407,2.382407,1.869502
242,2024-08-29,S2,B,-1.472395,0.836990,0.205413,-4.625289,-6.219135,-6.419135,-6.019135,-4.522982
243,2024-08-30,S3,C,1.248291,0.492860,0.044342,1.278021,1.517737,1.317737,1.717737,1.248112
244,2024-08-31,S4,A,-0.396543,0.306059,-0.138802,-1.339270,-0.768209,-0.968209,-0.568209,-1.316302
245,2024-09-01,S5,B,-1.878926,-0.548561,0.626413,-5.399089,-4.209874,-4.409874,-4.009874,-5.290871
246,2024-09-02,S6,C,-0.322055,1.455985,0.250761,22.478075,23.156044,22.956044,23.356044,22.030228
247,2024-09-03,S7,A,-0.959589,-0.806027,1.379360,-1.702745,-2.572772,-2.772772,-2.372772,-1.670035
248,2024-09-04,S8,B,-0.723403,0.264421,0.698561,-0.146237,-1.738897,-1.938897,-1.538897,-0.146536
249,2024-09-05,S9,C,-0.797664,0.019748,0.782561,1.978687,2.112846,1.912846,2.312846,1.942534
250,2024-09-06,S10,A,-0.712185,0.770240,-0.399881,3.821094,3.409752,3.209752,3.609752,3.756445
251,2024-09-07,S1,B,0.909553,-0.323414,0.059704,-3.173720,-4.220894,-4.420894,-4.020894,-3.103293
252,2024-09-08,S2,C,-0.066627,-0.060392,0.392186,-3.112699,-3.470305,-3.670305,-3.270305,-3.048434
253,2024-09-09,S3,A,-0.602648,0.418672,0.550353,-2.038801,-1.390839,-1.590839,-1.190839,-2.006382
254,2024-09-10,S4,B,-2.100821,-0.140211,-0.363187,-6.419579,-6.123384,-6.323384,-5.923384,-6.302200
255,2024-09-11,S5,C,-0.021715,1.392868,1.805772,1.467268,0.869081,0.669081,1.069081,1.436175
256,2024-09-12,S6,A,1.465860,0.059808,,3.055373,2.600921,2.400921,2.800921,2.998949
257,2024-09-13,S7,B,-0.668973,1.007205,-0.611468,2.185885,-0.257529,-0.457529,-0.057529,2.135510
258,2024-09-14,S8,C,-0.298820,1.251291,-0.591251,3.001233,2.433338,2.233338,2.633338,2.946358
259,2024-09-15,S9,A,-1.635568,1.106535,0.896453,1.182258,1.701747,1.501747,1.901747,1.161562
260,2024-09-16,S10,B,0.278512,-1.748509,1.875273,1.409428,0.139652,-0.060348,0.339652,1.386002
261,2024-09-17,S1,C,-1.367578,0.062405,-1.472278,-5.778746,-6.004327,-6.204327,-5.804327,-5.662513
262,2024-09-18,S2,A,-0.018700,0.330224,1.473731,-2.177557,-2.117029,-2.317029,-1.917029,-2.134571
263,2024-09-19,S3,B,-0.358939,2.025230,0.500977,-0.423914,0.794227,0.594227,0.994227,-0.420690
264,2024-09-20,S4,C,-0.519857,2.261467,-0.196675,0.171389,-1.036347,-1.236347,-0.836347,0.164036
265,2024-09-21,S5,A,0.152722,2.092274,-0.628537,3.036399,2.907331,2.707331,3.107331,2.971358
266,2024-09-22,S6,B,-0.271299,0.552051,-0.159192,0.320985,2.763469,2.563469,2.963469,0.310439
267,2024-09-23,S7,C,-0.922831,-1.122852,-0.372973,-2.054592,-2.650652,-2.850652,-2.450652,-2.022443
268,2024-09-24,S8,A,0.218908,1.001220,-0.055191,3.710971,3.293133,3.093133,3.493133,3.637682
269,2024-09-25,S9,B,-0.185771,-0.191777,0.783701,2.306135,0.834844,0.634844,1.034844,2.255881
270,2024-09-26,S10,C,-1.769527,-0.808670,0.811215,-1.587520,-1.839951,-2.039951,-1.639951,-1.553437
271,2024-09-27,S1,A,-1.230285,1.294685,0.147971,-4.060452,-3.057684,-3.257684,-2.857684,-3.981210
272,2024-09-28,S2,B,0.285759,1.723316,0.221498,0.450128,1.464341,1.264341,1.664341,0.440011
273,2024-09-29,S3,C,-0.746035,-0.545377,-0.378395,-3.519094,-2.505490,-2.705490,-2.305490,-3.450166
274,2024-09-30,S4,A,-3.837796,0.111722,1.469827,-8.556312,-7.816149,-8.016149,-7.616149,-8.385234
275,2024-10-01,S5,B,1.350528,-0.223561,-0.908637,1.808197,-1.813246,-2.013246,-1.613246,1.769078
276,2024-10-02,S6,C,-0.048335,-2.474057,0.812233,-2.697422,-3.395278,-3.595278,-3.195278,-2.641574
277,2024-10-03,S7,A,0.243231,0.201721,-0.653199,1.448510,2.332780,2.132780,2.532780,1.428315
278,2024-10-04,S8,B,-0.063199,-1.623857,-0.243080,-0.129006,-0.950710,-1.150710,-0.750710,-0.129256
279,2024-10-05,S9,C,0.480058,-0.058031,0.352356,3.891083,4.331624,4.131624,4.531624,3.812941
280,2024-10-06,S10,A,-0.862458,0.543417,0.726387,2.510387,2.648404,2.448404,2.848404,2.461525
281,2024-10-07,S1,B,-0.330341,1.612843,0.245040,-0.665089,-0.488194,-0.688194,-0.288194,-0.646961
282,2024-10-08,S2,C,-1.903157,0.273491,0.215102,-6.853751,-6.031092,-6.231092,-5.831092,-6.711096
283,2024-10-09,S3,A,1.222059,-0.022529,-0.505132,0.282754,-0.481573,-0.681573,-0.281573,0.277841
284,2024-10-10,S4,B,0.136199,0.075208,-0.765432,-1.005180,-1.347557,-1.547557,-1.147557,-0.987921
285,2024-10-11,S5,C,-1.691204,0.968812,-0.979294,14.646375,14.513616,14.313616,14.713616,14.351679
286,2024-10-12,S6,A,0.104327,-3.486973,,-5.198155,-5.257826,-5.457826,-5.057826,-5.089927
287,2024-10-13,S7,B,-1.417261,0.487196,-0.860193,-0.288867,-1.906226,-2.106226,-1.706226,-0.283403
288,2024-10-14,S8,C,-0.427532,0.418029,1.248956,1.879500,1.790664,1.590664,1.990664,1.840616
289,2024-10-15,S9,A,-0.020183,-1.077818,-0.205900,0.647207,-0.497102,-0.697102,-0.297102,0.635355
290,2024-10-16,S10,B,0.885433,0.861879,-0.624847,6.636833,4.150550,3.950550,4.350550,6.501159
291,2024-10-17,S1,C,-1.140859,0.773249,0.611115,-5.344627,-5.125364,-5.325364,-4.925364,-5.251264
292,2024-10-18,S2,A,-0.312994,-1.734152,0.535560,-5.901136,-5.736226,-5.936226,-5.536226,-5.789936
293,2024-10-19,S3,B,0.135290,-0.190054,0.102673,-2.962453,-6.759071,-6.959071,-6.559071,-2.892091
294,2024-10-20,S4,C,0.528248,-0.318047,-0.271040,-0.623545,-1.283889,-1.483889,-1.083889,-0.612516
295,2024-10-21,S5,A,0.482769,-0.268865,-0.193540,0.220362,-0.142449,-0.342449,0.057551,0.213839
296,2024-10-22,S6,B,0.501470,-2.192206,0.628782,-1.845754,-1.807665,-2.007665,-1.607665,-1.806723
297,2024-10-23,S7,C,0.025597,-0.583596,-0.001321,0.325193,0.510725,0.310725,0.710725,0.318033
298,2024-10-24,S8,A,0.452792,0.047339,-0.144318,3.420562,3.947465,3.747465,4.147465,3.348127
299,2024-10-25,S9,B,-0.487468,-0.747494,0.202968,1.035230,0.208392,0.008392,0.408392,1.016677
300,2024-10-26,S10,C,0.331872,-0.052265,-0.383319,3.494610,3.625838,3.425838,3.825838,3.422720
301,2024-10-27,S1,A,-1.870728,-0.108991,1.668850,-7.381292,-7.180004,-7.380004,-6.980004,-7.234528
302,2024-10-28,S2,B,0.633241,-0.546881,0.072249,-3.198157,-3.440243,-3.640243,-3.240243,-3.138718
303,2024-10-29,S3,C,0.536308,-1.469030,-1.124745,-3.032206,-2.770173,-2.970173,-2.570173,-2.965785
304,2024-10-30,S4,A,0.908504,0.120578,1.180604,0.868506,0.637252,0.437252,0.837252,0.857547
305,2024-10-31,S5,B,0.135608,0.721933,0.976074,1.171974,2.887482,2.687482,3.087482,1.146868
306,2024-11-01,S6,C,-0.717251,1.048600,-0.529414,1.167053,1.571067,1.371067,1.771067,1.141014
307,2024-11-02,S7,A,0.111095,1.001126,0.122863,2.650196,3.405106,3.205106,3.605106,2.594161
308,2024-11-03,S8,B,1.991780,-1.233468,-0.813289,2.911356,3.294456,3.094456,3.494456,2.859865
309,2024-11-04,S9,C,0.365679,0.417024,0.263969,3.873219,2.819155,2.619155,3.019155,3.794114
310,2024-11-05,S10,A,-1.606790,-1.505596,-0.656334,-1.953847,-1.134138,-1.334138,-0.934138,-1.913474
311,2024-11-06,S1,B,0.020434,-0.165464,-0.368285,20.303593,20.397890,20.197890,20.597890,19.891055
312,2024-11-07,S2,C,-0.919807,1.192777,0.121950,-3.690539,-3.640725,-3.840725,-3.440725,-3.616648
313,2024-11-08,S3,A,-0.749052,-0.996292,0.365665,-4.927746,-5.221096,-5.421096,-5.021096,-4.829562
314,2024-11-09,S4,B,-0.536888,-0.973589,-0.276668,-3.579717,-5.582394,-5.782394,-5.382394,-3.519892
315,2024-11-10,S5,C,1.561252,-1.041121,0.739766,1.705279,1.676602,1.476602,1.876602,1.667390
316,2024-11-11,S6,A,-0.261722,-1.263356,,-1.386429,-1.902668,-2.102668,-1.702668,-1.356402
317,2024-11-12,S7,B,-0.017435,0.717807,-1.171678,-12.471073,-11.923303,-12.123303,-11.723303,-12.214298
318,2024-11-13,S8,C,0.524181,-2.440212,0.867204,-0.887760,-1.385611,-1.585611,-1.185611,-0.873357
319,2024-11-14,S9,A,0.609530,-0.296863,-1.949883,3.520810,3.002630,2.802630,3.202630,3.451231
320,2024-11-15,S10,B,0.226882,0.931541,-0.957999,5.507895,5.508271,5.308271,5.708271,5.398996
321,2024-11-16,S1,C,1.834885,-0.729520,-0.789560,-1.220629,-1.389127,-1.589127,-1.189127,-1.200673
322,2024-11-17,S2,A,1.127549,1.532670,-2.121190,1.717349,1.040351,0.840351,1.240351,1.680751
323,2024-11-18,S3,B,0.163487,1.572143,1.677443,1.789213,1.798687,1.598687,1.998687,1.756265
324,2024-11-19,S4,C,-0.746510,-0.443673,-0.604145,-2.710686,-2.276526,-2.476526,-2.076526,-2.660871
325,2024-11-20,S5,A,1.072676,0.934949,-0.480630,3.237236,3.101593,2.901593,3.301593,3.175724
326,2024-11-21,S6,B,1.270846,1.665068,-0.549614,4.576064,3.563063,3.363063,3.763063,4.484128
327,2024-11-22,S7,C,1.418494,1.870767,0.472960,7.255086,7.917187,7.717187,8.117187,7.111466
328,2024-11-23,S8,A,-0.031641,-0.044895,1.304433,1.957485,2.495803,2.295803,2.695803,1.929548
329,2024-11-24,S9,B,-0.472576,-0.026417,-0.580137,1.368039,1.140295,0.940295,1.340295,1.345248
330,2024-11-25,S10,C,-1.513759,0.442191,-0.175901,1.268124,1.795375,1.595375,1.995375,1.245826
331,2024-11-26,S1,A,0.300154,-0.391364,-0.997944,-3.590964,-3.464642,-3.664642,-3.264642,-3.512375
332,2024-11-27,S2,B,-0.635854,-0.438767,-0.575943,-4.701647,-4.957944,-5.157944,-4.757944,-4.617105
333,2024-11-28,S3,C,1.289588,-0.448169,-0.020489,-15.978161,-15.245041,-15.445041,-15.045041,-15.657274
334,2024-11-29,S4,A,-0.138432,0.172044,0.016333,-1.648056,-1.784128,-1.984128,-1.584128,-1.614210
335,2024-11-30,S5,B,-1.353902,1.914140,0.063856,-1.121134,-4.412257,-4.612257,-4.212257,-1.091679
336,2024-12-01,S6,C,2.059883,0.188700,-0.346724,5.181321,5.319017,5.119017,5.519017,5.070929
337,2024-12-02,S7,A,-1.354805,-0.873903,0.071765,-3.115612,-3.880959,-4.080959,-3.680959,-3.052322
338,2024-12-03,S8,B,-1.463678,1.125916,-1.156073,0.700217,-0.483295,-0.683295,-0.283295,0.679326
339,2024-12-04,S9,C,-0.991580,-0.211238,-0.271795,0.303174,0.707636,0.507636,0.907636,0.301268
340,2024-12-05,S10,A,0.902527,0.792120,-1.214084,7.719686,7.410568,7.210568,7.610568,7.560917
341,2024-12-06,S1,B,0.991535,-0.640361,1.101231,-2.912884,-2.271572,-2.471572,-2.071572,-2.868522
342,2024-12-07,S2,C,0.029348,0.441203,0.222545,-2.247717,-2.192079,-2.392079,-1.992079,-2.199928
343,2024-12-08,S3,A,0.771193,-0.352150,0.540884,-1.511122,-1.277067,-1.477067,-1.077067,-1.481736
344,2024-12-09,S4,B,-0.125383,0.130550,-3.046759,-1.479313,-0.280728,-0.480728,-0.080728,-1.449778
345,2024-12-10,S5,C,0.836522,-1.203815,1.520390,-0.461006,-0.296507,-0.496507,-0.096507,-0.450152
346,2024-12-11,S6,A,-0.204369,0.687808,,0.817845,1.634853,1.434853,1.834853,0.803561
347,2024-12-12,S7,B,0.728661,1.159582,-0.421414,5.127350,1.843356,1.643356,2.043356,5.028058
348,2024-12-13,S8,C,-0.371849,-0.437856,-0.814827,0.952428,0.984979,0.784979,1.184979,0.927914
349,2024-12-14,S9,A,0.483806,-0.451535,-0.612764,2.408669,2.762463,2.562463,2.962463,2.366658
350,2024-12-15,S10,B,-1.223467,1.376555,-1.091392,3.376975,4.304037,4.104037,4.504037,3.310878
351,2024-12-16,S1,C,0.232803,-3.107520,-0.483663,-7.856370,-8.304611,-8.504611,-8.104611,-7.693214
352,2024-12-17,S2,A,0.032555,2.377125,0.682600,0.481396,0.710466,0.510466,0.910466,0.470282
353,2024-12-18,S3,B,-1.388506,0.719994,0.175257,-3.363616,-3.280977,-3.480977,-3.080977,-3.300148
354,2024-12-19,S4,C,-0.861225,0.299477,1.117912,-2.834858,-3.344244,-3.544244,-3.144244,-2.783394
355,2024-12-20,S5,A,0.384520,-0.275101,1.943552,-1.169070,-0.961207,-1.161207,-0.761207,-1.152028
356,2024-12-21,S6,B,1.169773,1.126680,0.029024,3.965521,4.636121,4.436121,4.836121,3.885513
357,2024-12-22,S7,C,-0.211943,0.044750,-1.480189,0.569886,0.213625,0.013625,0.413625,0.556660
358,2024-12-23,S8,A,1.585431,-0.219636,1.524789,5.517265,6.364341,6.164341,6.564341,5.403511
359,2024-12-24,S9,B,-0.732161,0.530060,-0.403055,1.286512,1.638518,1.438518,1.838518,1.262507
360,2024-12-25,S10,C,-0.664300,-0.109039,0.962900,1.686354,1.807164,1.607164,2.007164,1.650153
361,2024-12-26,S1,A,-1.544024,-0.155469,1.088973,-7.716883,-8.565756,-8.765756,-8.365756,-7.558352
362,2024-12-27,S2,B,-0.045657,-0.925422,0.964032,-4.093367,-1.701943,-1.901943,-1.501943,-4.004639
363,2024-12-28,S3,C,-0.018704,-0.924002,-0.077855,-3.934366,-4.503197,-4.703197,-4.303197,-3.852836
364,2024-12-29,S4,A,-1.049676,-2.013730,0.173913,-6.321903,-7.053692,-7.253692,-6.853692,-6.203085
365,2024-12-30,S5,B,0.422205,-0.863177,-1.352255,-21.228977,-18.866334,-19.066334,-18.666334,-20.811618
366,2024-12-31,S6,C,-0.937921,-0.590153,0.579309,-2.768693,-2.351913,-2.551913,-2.151913,-2.718141
367,2025-01-01,S7,A,0.735636,0.068289,-0.278406,2.381388,2.248515,2.048515,2.448515,2.328224
368,2025-01-02,S8,B,-0.488837,0.203690,0.997136,1.100579,-2.149085,-2.349085,-1.949085,1.077869
369,2025-01-03,S9,C,0.248340,0.328607,-1.326426,3.527330,2.866599,2.666599,3.066599,3.469955
370,2025-01-04,S10,A,-1.116306,-0.869763,0.117171,-0.282965,0.327577,0.127577,0.527577,-0.273634
371,2025-01-05,S1,B,1.490893,0.877638,-0.444547,0.547439,0.238895,0.038895,0.438895,0.543481
372,2025-01-06,S2,C,0.524224,1.022356,-1.629854,-0.211486,0.821102,0.621102,1.021102,-0.216649
373,2025-01-07,S3,A,-2.069276,0.573229,-0.262161,-4.949557,-4.962604,-5.162604,-4.762604,-4.845766
374,2025-01-08,S4,B,-0.199890,-1.761977,0.689768,-4.633649,-5.293213,-5.493213,-5.093213,-4.546326
375,2025-01-09,S5,C,0.679051,0.336442,-1.626986,1.472813,2.558441,2.358441,2.758441,1.441366
376,2025-01-10,S6,A,2.173355,-2.544772,0.143931,1.484636,1.542652,1.342652,1.742652,1.457360
377,2025-01-11,S7,B,0.038938,-0.605663,-0.798170,0.043755,1.356979,1.156979,1.556979,0.047245
378,2025-01-12,S8,C,0.878470,0.273989,-0.812050,4.078637,4.751576,4.551576,4.951576,3.989946
379,2025-01-13,S9,A,-0.296028,-0.249440,-0.618328,1.522414,1.725865,1.525865,1.925865,1.501435
380,2025-01-14,S10,B,1.240621,-0.273936,0.497927,5.782593,5.381735,5.181735,5.581735,5.664374
381,2025-01-15,S1,C,-1.661794,-0.969521,-0.762560,-8.560942,-7.808968,-8.008968,-7.608968,-8.386900
382,2025-01-16,S2,A,-0.249420,-0.068790,0.645881,-3.621347,-3.499115,-3.699115,-3.299115,-3.559438
383,2025-01-17,S3,B,-0.006994,0.614916,1.493451,-1.547123,-4.735642,-4.935642,-4.535642,-1.520348
384,2025-01-18,S4,C,-0.369066,0.252515,0.503289,-1.707854,-0.200200,-0.400200,-0.000200,-1.670334
385,2025-01-19,S5,A,0.627202,0.112505,0.656442,1.326858,0.589066,0.389066,0.789066,1.308113
386,2025-01-20,S6,B,-1.346332,-0.405098,1.026549,-3.205441,-4.118853,-4.318853,-3.918853,-3.138680
387,2025-01-21,S7,C,0.732970,-0.849016,-0.275053,18.152682,18.317031,18.117031,18.517031,17.787286
388,2025-01-22,S8,A,-0.218810,0.369404,-0.306242,2.733437,2.894369,2.694369,3.094369,2.683342
389,2025-01-23,S9,B,-0.830701,-0.477489,-0.459960,0.912510,-1.907915,-2.107915,-1.707915,0.884282
390,2025-01-24,S10,C,-0.828668,0.162104,-0.226116,2.782463,3.355784,3.155784,3.555784,2.729104
391,2025-01-25,S1,A,-1.150211,-1.401850,-0.537868,-8.279119,-8.211039,-8.411039,-8.011039,-8.110949
392,2025-01-26,S2,B,-0.505227,-0.026765,-1.109992,-3.524661,-3.133770,-3.333770,-2.933770,-3.452219
393,2025-01-27,S3,C,0.261708,-0.894787,0.235971,-1.530702,-0.548518,-0.748518,-0.348518,-1.499570
394,2025-01-28,S4,A,1.314622,1.180298,-0.366592,3.818294,4.317216,4.117216,4.517216,3.742281
395,2025-01-29,S5,B,-0.782353,-0.083354,0.432323,-1.621375,-0.189191,-0.389191,0.010809,-1.592584
396,2025-01-30,S6,C,-0.979226,0.072108,-0.245730,-1.727369,-2.964311,-3.164311,-2.764311,-1.702203
397,2025-01-31,S7,A,-0.280158,0.027434,0.598665,0.669036,0.260832,0.060832,0.460832,0.655235
398,2025-02-01,S8,B,-1.496714,-0.003341,0.858988,-1.138634,-2.150922,-2.350922,-1.950922,-1.117565
399,2025-02-02,S9,C,0.529669,1.101057,0.374204,5.675339,5.664580,5.464580,5.864580,5.553891
400,2025-02-03,S10,A,-0.954732,0.773031,1.375115,3.551855,4.825005,4.625005,5.025005,3.478362
401,2025-02-04,S1,B,-2.054782,-0.274857,-0.965800,-7.719418,-10.304478,-10.504478,-10.104478,-7.563212
402,2025-02-05,S2,C,-0.094558,-2.181291,-1.466321,-6.641837,-6.716525,-6.916525,-6.516525,-6.498972
403,2025-02-06,S3,A,0.521188,1.870220,0.032559,-15.486010,-15.333114,-15.533114,-15.133114,-15.171931
404,2025-02-07,S4,B,0.367704,0.671528,-0.485885,1.138953,2.635111,2.435111,2.835111,1.117513
405,2025-02-08,S5,C,0.833227,0.587491,-0.330903,2.342317,2.063512,1.863512,2.263512,2.299900
406,2025-02-09,S6,A,0.077549,1.563332,1.363078,3.967327,2.852363,2.652363,3.052363,3.889228
407,2025-02-10,S7,B,0.296908,-0.245527,0.670002,1.199938,0.209788,0.009788,0.409788,1.183109
408,2025-02-11,S8,C,0.130063,-2.472901,1.210178,-1.270804,-1.334529,-1.534529,-1.134529,-1.244330
409,2025-02-12,S9,A,0.307696,-0.849359,0.033705,1.946556,2.803823,2.603823,3.003823,1.903529
410,2025-02-13,S10,B,0.295507,-0.922663,0.002003,3.083513,2.624850,2.424850,2.824850,3.018244
411,2025-02-14,S1,C,0.401759,0.481533,-0.159809,-2.668339,-3.084860,-3.284860,-2.884860,-2.610193
412,2025-02-15,S2,A,-2.457271,0.566780,-0.247231,-6.543047,-6.830596,-7.030596,-6.630596,-6.413249
413,2025-02-16,S3,B,-1.114167,-1.084797,0.311385,-5.371640,-5.371173,-5.571173,-5.171173,-5.263135
414,2025-02-17,S4,C,-1.730071,0.785279,-0.047075,-3.366301,-3.075639,-3.275639,-2.875639,-3.295004
415,2025-02-18,S5,A,0.287194,0.214900,-0.860992,0.956079,-0.228603,-0.428603,-0.028603,0.935583
416,2025-02-19,S6,B,0.114488,3.629252,0.975731,6.052847,8.966718,8.766718,9.166718,5.937035
417,2025-02-20,S7,C,0.043225,1.477844,-0.266941,3.966535,3.341698,3.141698,3.541698,3.891667
418,2025-02-21,S8,A,-1.232732,1.142333,-1.129991,0.371628,-0.114888,-0.314888,0.085112,0.372870
419,2025-02-22,S9,B,1.086952,2.630521,0.658763,9.345474,9.874280,9.674280,10.074280,9.157515
420,2025-02-23,S10,C,-1.550459,2.060080,0.594608,3.647619,3.721164,3.521164,3.921164,3.583502
421,2025-02-24,S1,A,0.236782,0.524626,-1.912621,-2.681949,-2.844486,-3.044486,-2.644486,-2.633813
422,2025-02-25,S2,B,0.347048,-0.437398,-0.883231,-2.848215,-4.080762,-4.280762,-3.880762,-2.790035
423,2025-02-26,S3,C,0.465041,1.545340,2.179276,1.632646,1.694251,1.494251,1.894251,1.602481
424,2025-02-27,S4,A,0.718367,3.377972,1.633422,5.459752,6.034836,5.834836,6.234836,5.345533
425,2025-02-28,S5,B,0.839290,2.619195,0.352404,6.066985,4.333363,4.133363,4.533363,5.935221
426,2025-03-01,S6,C,-0.336974,2.643290,1.302479,4.826696,5.170247,4.970247,5.370247,4.734862
427,2025-03-02,S7,A,-1.062666,1.047195,-0.313879,-0.065431,-0.623940,-0.823940,-0.423940,-0.064554
428,2025-03-03,S8,B,-0.685304,2.658542,0.965882,4.825495,7.983398,7.783398,8.183398,4.733403
429,2025-03-04,S9,C,-0.156742,0.457223,0.456602,2.838632,3.503395,3.303395,3.703395,2.775182
430,2025-03-05,S10,A,-1.586447,4.320658,-0.099029,6.839302,6.666162,6.466162,6.866162,6.694820
431,2025-03-06,S1,B,-1.511407,-0.385841,-3.127818,-7.368371,-8.149720,-8.349720,-7.949720,-7.220583
432,2025-03-07,S2,C,-0.075144,1.038339,-1.251003,-1.584238,-1.162541,-1.362541,-0.962541,-1.544968
433,2025-03-08,S3,A,-0.531429,2.286554,-0.463225,0.451252,0.620828,0.420828,0.820828,0.443017
434,2025-03-09,S4,B,0.045341,3.853064,0.311251,4.473594,4.645489,4.445489,4.845489,4.382887
435,2025-03-10,S5,C,-0.140489,0.047048,0.619144,-0.658497,-0.381522,-0.581522,-0.181522,-0.644743
436,2025-03-11,S6,A,0.781723,2.327039,0.553455,4.668240,4.944562,4.744562,5.144562,4.576863
437,2025-03-12,S7,B,0.092092,-2.241278,-0.274014,-2.057341,-2.335750,-2.535750,-2.135750,-2.020082
438,2025-03-13,S8,C,-0.488484,2.233638,-0.136315,3.556638,2.707994,2.507994,2.907994,3.487946
439,2025-03-14,S9,A,-0.905254,1.277286,1.416846,2.806021,3.028822,2.828822,3.228822,2.755662
440,2025-03-15,S10,B,0.216455,2.186110,0.277630,7.690909,7.444742,7.244742,7.644742,7.549620
441,2025-03-16,S1,C,-0.323133,3.092608,0.944912,-0.693628,-0.314125,-0.514125,-0.114125,-0.679868
442,2025-03-17,S2,A,-0.875665,0.682287,-0.995524,-3.057378,-2.360247,-2.560247,-2.160247,-2.990915
443,2025-03-18,S3,B,0.012712,1.915989,-0.282481,1.435166,1.455307,1.255307,1.655307,1.408325
444,2025-03-19,S4,C,-0.613255,-0.399852,1.502801,13.564329,12.931254,12.731254,13.131254,13.284323
445,2025-03-20,S5,A,0.012167,0.245779,-1.237674,0.050329,-0.874324,-1.074324,-0.674324,0.036498
446,2025-03-21,S6,B,-0.434718,2.645535,-0.180803,4.108251,2.960583,2.760583,3.160583,4.023350
447,2025-03-22,S7,C,0.514657,0.252138,1.105372,2.352455,2.352003,2.152003,2.552003,2.303721
448,2025-03-23,S8,A,-0.870437,0.250236,-0.483090,-0.043195,0.243499,0.043499,0.443499,-0.043424
449,2025-03-24,S9,B,-0.289904,-0.332262,0.538515,2.525855,3.530448,3.330448,3.730448,2.480697
450,2025-03-25,S10,C,0.839079,3.227572,-0.846036,10.358791,10.044707,9.844707,10.244707,10.145084
451,2025-03-26,S1,A,-0.089646,0.248487,0.399982,-3.512450,-3.625376,-3.825376,-3.425376,-3.432174
452,2025-03-27,S2,B,2.151512,0.492201,-0.106159,2.658819,2.801465,2.601465,3.001465,2.604072
453,2025-03-28,S3,C,-1.822330,2.360749,-0.122293,-2.089452,-1.983005,-2.183005,-1.783005,-2.046394
454,2025-03-29,S4,A,0.128244,2.184707,1.543116,2.920223,2.036246,1.836246,2.236246,2.860126
455,2025-03-30,S5,B,-1.691748,5.779000,1.228320,5.571263,4.171579,3.971579,4.371579,5.458314
456,2025-03-31,S6,C,-0.964176,-1.221952,1.428080,-2.882371,-2.461551,-2.661551,-2.261551,-2.828084
457,2025-04-01,S7,A,-0.014189,0.633895,0.311185,3.026897,4.322569,4.122569,4.522569,2.965724
458,2025-04-02,S8,B,1.153584,2.487141,-0.373354,7.665545,4.262378,4.062378,4.462378,7.507787
459,2025-04-03,S9,C,1.070016,1.297991,1.088224,7.378905,7.977580,7.777580,8.177580,7.231177
460,2025-04-04,S10,A,-1.738310,-0.060870,1.180343,-0.224914,0.021606,-0.178394,0.221606,-0.214808
461,2025-04-05,S1,B,-0.327616,3.407333,0.051345,0.600895,-3.206391,-3.406391,-3.006391,0.590946
462,2025-04-06,S2,C,-0.105691,2.227289,1.351339,0.537056,0.737541,0.537541,0.937541,0.527762
463,2025-04-07,S3,A,0.398171,0.982093,0.250209,0.771567,0.654701,0.454701,0.854701,0.756272
464,2025-04-08,S4,B,0.976275,2.126345,0.638924,3.630559,5.478817,5.278817,5.678817,3.564328
465,2025-04-09,S5,C,-0.797534,0.965421,0.137032,-0.855046,-0.863567,-1.063567,-0.663567,-0.841242
466,2025-04-10,S6,A,-0.920570,0.038328,-0.345652,0.084772,0.167171,-0.032829,0.367171,0.084117
467,2025-04-11,S7,B,-1.743502,2.628441,1.427947,1.040250,1.603593,1.403593,1.803593,1.023313
468,2025-04-12,S8,C,0.362219,2.237418,0.242529,5.502914,5.822554,5.622554,6.022554,5.395303
469,2025-04-13,S9,A,0.790290,2.516926,-0.882036,8.582139,8.117449,7.917449,8.317449,8.414375
470,2025-04-14,S10,B,-1.286202,-1.143462,3.304480,-1.395409,0.106091,-0.093909,0.306091,-1.366959
471,2025-04-15,S1,C,-0.383966,0.625003,0.651358,-3.771687,-3.318069,-3.518069,-3.118069,-3.697405
472,2025-04-16,S2,A,-0.305833,2.944393,0.992492,1.021483,1.740523,1.540523,1.940523,1.004594
473,2025-04-17,S3,B,0.159077,3.063713,-1.368093,3.003988,3.390493,3.190493,3.590493,2.950790
474,2025-04-18,S4,C,0.491790,1.187984,-0.603319,1.223187,1.687154,1.487154,1.887154,1.206534
475,2025-04-19,S5,A,-1.125495,1.058733,-0.856769,-1.376312,-1.605117,-1.805117,-1.405117,-1.342788
476,2025-04-20,S6,B,0.032168,2.053143,-0.371930,3.235179,3.197452,2.997452,3.397452,3.168098
477,2025-04-21,S7,C,0.194940,4.345361,-0.201683,8.197645,8.010459,7.810459,8.210459,8.037221
478,2025-04-22,S8,A,0.068264,3.396882,-0.222384,7.262752,7.648161,7.448161,7.848161,7.117439
479,2025-04-23,S9,B,-0.776160,4.486796,0.030933,7.650475,7.769456,7.569456,7.969456,7.499744
480,2025-04-24,S10,C,1.443768,4.683659,0.407330,13.036420,13.642459,13.442459,13.842459,12.773772
481,2025-04-25,S1,A,1.085584,1.070582,0.805229,-0.072385,0.428067,0.228067,0.628067,-0.070388
482,2025-04-26,S2,B,-0.608051,1.117423,-0.638575,-2.316200,-4.292412,-4.492412,-4.092412,-2.273613
483,2025-04-27,S3,C,-0.612042,2.253716,0.263453,0.270258,1.068737,0.868737,1.268737,0.265887
484,2025-04-28,S4,A,0.079713,3.332119,0.759926,4.387600,3.989164,3.789164,4.189164,4.299772
485,2025-04-29,S5,B,1.052332,1.322836,1.736896,3.328996,6.041379,5.841379,6.241379,3.260103
486,2025-04-30,S6,C,0.211680,3.458103,0.835108,5.799486,6.652172,6.452172,6.852172,5.682961
487,2025-05-01,S7,A,0.183361,-0.674627,1.088443,0.759826,0.677667,0.477667,0.877667,0.748526
488,2025-05-02,S8,B,0.129982,1.317117,-0.355316,3.668079,1.330461,1.130461,1.530461,3.599241
489,2025-05-03,S9,C,-0.353053,4.039057,-1.274149,8.297363,7.974480,7.774480,8.174480,8.126674
490,2025-05-04,S10,A,1.482193,3.893628,-0.748282,12.886092,13.355131,13.155131,13.555131,12.624020
491,2025-05-05,S1,B,2.556467,1.874878,0.914348,4.972597,5.219015,5.019015,5.419015,4.878605
492,2025-05-06,S2,C,-0.787257,3.934630,-0.896071,1.595916,1.746451,1.546451,1.946451,1.569130
493,2025-05-07,S3,A,0.005577,1.488939,-1.447400,0.754077,1.151576,0.951576,1.351576,0.744291
494,2025-05-08,S4,B,-0.360214,1.607329,0.323585,0.933409,-2.973493,-3.173493,-2.773493,0.920553
495,2025-05-09,S5,C,-0.447857,2.832607,1.057072,2.606147,2.908606,2.708606,3.108606,2.557589
496,2025-05-10,S6,A,-0.140735,1.103595,1.015381,2.059941,1.566637,1.366637,1.766637,2.024046
497,2025-05-11,S7,B,1.660732,-0.246556,0.221059,4.089107,5.165768,4.965768,5.365768,4.009333
498,2025-05-12,S8,C,-0.801487,1.717213,-0.225380,2.467428,1.742600,1.542600,1.942600,2.419712
499,2025-05-13,S9,A,-0.257147,4.110384,1.177549,8.680945,8.574903,8.374903,8.774903,8.506064
500,2025-05-14,S10,B,-0.779694,2.745623,0.781964,5.777338,6.149238,5.949238,6.349238,5.653519
501,2025-05-15,S1,C,0.005390,2.856854,-0.192838,0.182023,0.358173,0.158173,0.558173,0.178214
502,2025-05-16,S2,A,1.038377,2.203454,1.434238,2.593913,3.146225,2.946225,3.346225,2.541170
503,2025-05-17,S3,B,-0.587189,2.305417,0.408011,1.396024,-0.803797,-1.003797,-0.603797,1.368719
504,2025-05-18,S4,C,1.380550,3.651305,-0.401079,7.231319,7.215186,7.015186,7.415186,7.090553
505,2025-05-19,S5,A,1.487597,4.495396,1.821692,9.956824,9.402764,9.202764,9.602764,9.757703
506,2025-05-20,S6,B,0.977509,-1.585249,-0.996715,0.339002,2.311827,2.111827,2.511827,0.324526
507,2025-05-21,S7,C,0.605916,2.565957,1.975216,6.215849,5.842242,5.642242,6.042242,6.085750
508,2025-05-22,S8,A,1.150998,2.761676,0.149568,9.062466,8.842414,8.642414,9.042414,8.880688
509,2025-05-23,S9,B,1.687435,4.887703,-1.748231,13.390229,11.739927,11.539927,11.939927,13.121078
510,2025-05-24,S10,C,-0.319907,0.505407,0.387166,3.663843,4.043565,3.843565,4.243565,3.585250
511,2025-05-25,S1,A,-0.431457,3.008085,1.812525,1.373457,2.096044,1.896044,2.296044,1.349301
512,2025-05-26,S2,B,-0.041840,-0.103365,0.376829,-3.697805,-2.823616,-3.023616,-2.623616,-3.630353
513,2025-05-27,S3,C,-1.514447,1.919545,1.240712,-2.844655,-2.980475,-3.180475,-2.780475,-2.794377
514,2025-05-28,S4,A,1.023107,-0.355056,-0.827893,-0.093128,-0.327398,-0.527398,-0.127398,-0.096650
515,2025-05-29,S5,B,-1.671304,2.203722,-1.827147,-0.546769,-1.909385,-2.109385,-1.709385,-0.535663
516,2025-05-30,S6,C,-0.749979,2.386089,0.283477,1.910135,1.026576,0.826576,1.226576,1.865930
517,2025-05-31,S7,A,-0.550016,1.953573,0.825420,3.295238,3.169903,2.969903,3.369903,3.228742
518,2025-06-01,S8,B,0.257329,2.742136,0.263864,6.510222,7.075513,6.875513,7.275513,6.389798
519,2025-06-02,S9,C,-0.200095,1.812304,1.441342,5.173014,5.591067,5.391067,5.791067,5.063255
520,2025-06-03,S10,A,1.987952,1.156338,-1.548552,-10.217097,-9.510876,-9.710876,-9.310876,-10.015278
521,2025-06-04,S1,B,0.340085,3.476051,-0.816983,2.748416,4.132719,3.932719,4.332719,2.703778
522,2025-06-05,S2,C,1.170520,-0.315579,0.390064,-23.854481,-23.644304,-23.844304,-23.444304,-23.370918
523,2025-06-06,S3,A,1.997860,2.286548,0.094594,5.635953,6.535710,6.335710,6.735710,5.525168
524,2025-06-07,S4,B,-1.076335,4.117208,1.626581,2.914588,2.882555,2.682555,3.082555,2.849997
525,2025-06-08,S5,C,-0.535329,3.294935,0.266485,3.229318,3.263715,3.063715,3.463715,3.168066
526,2025-06-09,S6,A,2.147489,0.483640,-0.337958,4.970002,5.029188,4.829188,5.229188,4.872875
527,2025-06-10,S7,B,-0.047835,1.941720,0.403020,3.051166,0.462887,0.262887,0.662887,2.983760
528,2025-06-11,S8,C,-1.065441,1.648008,0.242618,2.099931,0.736951,0.536951,0.936951,2.063425
529,2025-06-12,S9,A,0.719270,3.188881,0.007780,9.748279,8.995918,8.795918,9.195918,9.547230
530,2025-06-13,S10,B,-0.759563,2.821888,0.398114,5.713688,5.513109,5.313109,5.713109,5.588315
531,2025-06-14,S1,C,0.641628,0.638841,0.697660,-0.626108,-1.353176,-1.553176,-1.153176,-0.607943
532,2025-06-15,S2,A,-2.470773,2.500781,0.497991,-3.813316,-4.710377,-4.910377,-4.510377,-3.729769
533,2025-06-16,S3,B,0.179748,1.545914,-0.754664,0.324957,-0.524474,-0.724474,-0.324474,0.313128
534,2025-06-17,S4,C,-0.639059,3.057155,-1.732943,1.934655,2.940791,2.740791,3.140791,1.894528
535,2025-06-18,S5,A,0.067424,0.468983,1.203663,1.121237,1.439218,1.239218,1.639218,1.108054
536,2025-06-19,S6,B,-0.581258,4.243142,-1.003366,5.113604,5.517170,5.317170,5.717170,5.010499
537,2025-06-20,S7,C,1.140693,1.691049,-1.018069,6.316836,7.178301,6.978301,7.378301,6.190091
538,2025-06-21,S8,A,-1.490154,1.090783,-0.622229,0.908671,1.201926,1.001926,1.401926,0.887778
539,2025-06-22,S9,B,0.774078,3.005063,-1.598834,9.087606,9.572758,9.372758,9.772758,8.910550
540,2025-06-23,S10,C,-0.500927,1.517717,-1.744833,4.759859,4.033536,3.833536,4.233536,4.666905
541,2025-06-24,S1,A,-1.441297,1.885191,-0.905782,-3.407033,-3.578948,-3.778948,-3.378948,-3.346367
542,2025-06-25,S2,B,0.950601,1.678608,-0.192960,1.824092,5.401354,5.201354,5.601354,1.791181
543,2025-06-26,S3,C,0.799659,1.061246,0.972592,0.962479,1.419585,1.219585,1.619585,0.944764
544,2025-06-27,S4,A,0.032781,1.906081,0.143110,1.014659,1.504949,1.304949,1.704949,0.985305
545,2025-06-28,S5,B,-0.277107,-0.757088,-0.803978,-2.048501,-0.615334,-0.815334,-0.415334,-2.005789
546,2025-06-29,S6,C,-0.083049,1.838402,0.288946,2.148534,1.614009,1.414009,1.814009,2.104337
547,2025-06-30,S7,A,-0.770324,2.876815,1.458644,3.791540,4.380094,4.180094,4.580094,3.711394
548,2025-07-01,S8,B,1.094247,0.881620,0.053593,5.046867,4.938091,4.738091,5.138091,4.941938
549,2025-07-02,S9,C,1.042922,1.784623,0.256626,8.061841,6.855499,6.655499,7.055499,7.906090
550,2025-07-03,S10,A,-0.710227,1.764363,0.928220,5.167076,4.606972,4.406972,4.806972,5.066346
551,2025-07-04,S1,B,1.277166,3.168554,-0.251301,2.790613,0.625146,0.425146,0.825146,2.741012
552,2025-07-05,S2,C,1.382639,1.368939,-1.463150,2.129076,2.116715,1.916715,2.316715,2.092266
553,2025-07-06,S3,A,0.040280,0.905640,0.962182,-0.357318,0.209863,0.009863,0.409863,-0.353780
554,2025-07-07,S4,B,0.011378,1.726718,1.332975,1.350507,2.896507,2.696507,3.096507,1.323781
555,2025-07-08,S5,C,1.012902,3.676810,0.615251,6.788461,6.985417,6.785417,7.185417,6.643231
556,2025-07-09,S6,A,2.366825,2.890438,-0.340184,8.672876,8.356049,8.156049,8.556049,8.511599
557,2025-07-10,S7,B,0.088137,1.856607,2.062022,3.207940,3.760447,3.560447,3.960447,3.143348
558,2025-07-11,S8,C,0.371599,2.828278,-0.269817,7.288072,7.426850,7.226850,7.626850,7.144045
559,2025-07-12,S9,A,0.374896,3.345961,-0.196600,8.721555,8.002502,7.802502,8.202502,8.546075
560,2025-07-13,S10,B,-0.463026,2.003006,-1.119421,4.643201,2.989291,2.789291,3.189291,4.549637
561,2025-07-14,S1,C,-0.232282,3.444341,0.209990,0.475090,-0.458023,-0.658023,-0.258023,0.467314
562,2025-07-15,S2,A,-0.058197,3.750012,1.046971,-16.704655,-17.014614,-17.214614,-16.814614,-16.366385
563,2025-07-16,S3,B,-0.622922,3.148632,0.208439,1.875210,2.469801,2.269801,2.669801,1.844435
564,2025-07-17,S4,C,-1.854152,-0.263980,2.333059,-4.903035,-5.313363,-5.513363,-5.113363,-4.802984
565,2025-07-18,S5,A,0.938593,1.222060,0.124284,3.583591,3.764821,3.564821,3.964821,3.508320
566,2025-07-19,S6,B,2.890807,1.544082,0.217927,7.941878,7.130335,6.930335,7.330335,7.793243
567,2025-07-20,S7,C,-0.727603,0.574183,1.030162,0.272220,0.924287,0.724287,1.124287,0.270997
568,2025-07-21,S8,A,0.565443,3.168425,1.413247,8.176863,7.445909,7.245909,7.645909,8.010149
569,2025-07-22,S9,B,-1.145504,3.014001,1.506379,4.922212,5.788657,5.588657,5.988657,4.820012
570,2025-07-23,S10,C,1.481094,1.112739,1.256258,7.633844,7.973487,7.773487,8.173487,7.478494
571,2025-07-24,S1,A,1.579395,1.786638,1.132790,2.088270,2.303093,2.103093,2.503093,2.047277
572,2025-07-25,S2,B,0.194635,3.633386,2.753872,2.903119,3.955628,3.755628,4.155628,2.842462
573,2025-07-26,S3,C,-0.312459,2.479249,-1.534237,1.694847,1.588073,1.388073,1.788073,1.671652
574,2025-07-27,S4,A,1.094203,1.123293,1.796743,-19.567728,-19.749113,-19.949113,-19.549113,-19.166694
575,2025-07-28,S5,B,0.239674,3.383306,-1.328259,-11.505748,-11.563507,-11.763507,-11.363507,-11.277606
576,2025-07-29,S6,C,-0.300674,4.178969,-0.431018,6.472189,6.572299,6.372299,6.772299,6.345109
577,2025-07-30,S7,A,-1.527380,2.770285,-1.341297,1.993495,1.945131,1.745131,2.145131,1.955197
578,2025-07-31,S8,B,-1.597975,2.360460,-0.327423,2.530656,-0.113951,-0.313951,0.086049,2.487093
579,2025-08-01,S9,C,-2.358612,-0.834812,1.234842,-2.636533,-3.708890,-3.908890,-3.508890,-2.582435
580,2025-08-02,S10,A,1.854198,4.028261,-1.262454,13.773335,14.362823,14.162823,14.562823,13.492698
581,2025-08-03,S1,B,0.271543,2.444287,0.851315,0.728629,3.242007,3.042007,3.442007,0.709839
582,2025-08-04,S2,C,0.488317,2.965691,1.219462,3.492511,2.775739,2.575739,2.975739,3.424380
583,2025-08-05,S3,A,1.753419,3.036332,-0.352543,6.040713,6.131599,5.931599,6.331599,5.922307
584,2025-08-06,S4,B,1.186413,2.231026,0.212764,4.327858,8.728744,8.528744,8.928744,4.238706
585,2025-08-07,S5,C,0.633287,0.182612,-0.605774,1.524834,1.773514,1.573514,1.973514,1.482294
586,2025-08-08,S6,A,1.546712,1.587312,-0.294745,6.373806,6.970757,6.770757,7.170757,6.244374
587,2025-08-09,S7,B,-1.567927,1.955136,0.095569,0.633862,-0.603147,-0.803147,-0.403147,0.620836
588,2025-08-10,S8,C,0.114280,0.446361,0.752459,3.381794,3.204639,3.004639,3.404639,3.306114
589,2025-08-11,S9,A,0.675660,6.030698,0.108032,12.566011,12.901262,12.701262,13.101262,12.313705
590,2025-08-12,S10,B,0.625807,3.301049,0.122243,9.796830,6.289526,6.089526,6.489526,9.593731
591,2025-08-13,S1,C,0.180657,3.691580,0.397467,2.062594,2.369871,2.169871,2.569871,2.023158
592,2025-08-14,S2,A,0.128601,3.737904,0.073733,2.561458,3.359650,3.159650,3.559650,2.515500
593,2025-08-15,S3,B,1.008509,3.010476,-0.671616,4.525578,5.011065,4.811065,5.211065,4.435612
594,2025-08-16,S4,C,-0.259107,-0.509675,-1.655667,-1.774087,-1.486484,-1.686484,-1.286484,-1.738302
11,2024-01-11,S1,B,-0.041996,0.056921,0.618599,15.644312,15.043309,14.843309,15.243309,15.326493
21,2024-01-21,S1,C,-2.201795,-0.958941,-0.919082,-8.701085,-8.312353,-8.512353,-8.112353,-8.533498
31,2024-01-31,S1,A,0.519276,0.079976,-1.283653,-1.786683,-1.863004,-2.063004,-1.663004,-1.752083
41,2024-02-10,S1,B,-0.893376,-0.252654,-1.209312,-5.038883,-3.968211,-4.168211,-3.768211,-4.946354
51,2024-02-20,S1,C,1.225502,1.287759,-0.545761,0.889230,1.720064,1.520064,1.920064,0.878300
61,2024-03-01,S1,A,0.646431,-0.093079,0.609942,-1.645897,-2.229038,-2.429038,-2.029038,-1.624406
